{
  "train_loss": [
    4.341729824492727
  ],
  "val_loss": [
    0.9833126374818746
  ],
  "train_sisnr": [
    10.393715621501135
  ],
  "val_sisnr": [
    17.13969462415547
  ],
  "val_pesq": [
    2.535967530122081
  ],
  "train_real_loss": [
    0.06510590826348887
  ],
  "val_real_loss": [
    0.0345752254960317
  ],
  "train_imag_loss": [
    0.06054223447296391
  ],
  "val_imag_loss": [
    0.02990719758751757
  ],
  "train_mag_loss": [
    0.02302367291327938
  ],
  "val_mag_loss": [
    0.010897277268915645
  ]
}